Workbook

Sheet EEGG
A1: PROGRAMACION ACADEMICA 2026-I
A2: COORDINACION DE EEGG | K2: 75 | L2: 35 | M2: 35
K3: 40 | L3: 40 | M3: 40 | N3: 40
A4: CICLO | B4: ASIGNATURA | C4: GRUPO | D4: T/P/L | E4: DIA | F4: H.INI | G4: H.FIN | H4: TOT | I4: DOCENTE | J4: Aula | K4: SI | L4: SW | M4: CC | N4: IA | O4: TOTAL
A5: 1 | B5: ÁLGEBRA Y GEOMETRÍA ANALÍTICA | C5: G1 | D5: 1T | E5: 1LUNES | F5: 0.33333333 | G5: 0.41666667 | H5: =G5-F5 -> 0.083333333 | I5: TERREROS NAVARRO, HELLEN | K5: 20 | L5: 13 | M5: 13 | N5: 13 | O5: =SUM(K5:N5) -> 59
A6: 1 | B6: ÁLGEBRA Y GEOMETRÍA ANALÍTICA | C6: G1 | D6: 2P | E6: 5VIERNES | F6: 0.33333333 | G6: 0.5 | H6: =G6-F6 -> 0.16666667 | I6: TERREROS NAVARRO, HELLEN | K6: 20 | L6: 13 | M6: 13 | N6: 13 | O6: =SUM(K6:N6) -> 59
A7: 1 | B7: BIOLOGÍA PARA CIENCIAS E INGENIERÍA | C7: G1 | D7: 1T | E7: 3MIERCOLES | F7: 0.33333333 | G7: 0.41666667 | H7: =G7-F7 -> 0.083333333 | I7: HUAMAN TINCO BORJA | K7: 20 | L7: 13 | M7: 13 | N7: 0 | O7: =SUM(K7:N7) -> 46
A8: 1 | B8: BIOLOGÍA PARA CIENCIAS E INGENIERÍA | C8: G1 | D8: 2P | E8: 3MIERCOLES | F8: 0.41666667 | G8: 0.5 | H8: =G8-F8 -> 0.083333333 | I8: HUAMAN TINCO BORJA | K8: 20 | L8: 13 | M8: 13 | N8: 0 | O8: =SUM(K8:N8) -> 46
A9: 1 | B9: BIOLOGÍA PARA CIENCIAS E INGENIERÍA | C9: G1 | D9: 3L | E9: 3MIERCOLES | F9: 0.5 | G9: 0.58333333 | H9: =G9-F9 -> 0.083333333 | I9: HUAMAN TINCO BORJA | K9: 20 | L9: 13 | M9: 13 | N9: 0 | O9: =SUM(K9:N9) -> 46
A10: 1 | B10: CALCULO 1 | C10: G1 | D10: 1T | E10: 2MARTES | F10: 0.33333333 | G10: 0.41666667 | H10: =G10-F10 -> 0.083333333 | I10: LLERENA LUCERO TEODORO | K10: 20 | L10: 13 | M10: 13 | N10: 13 | O10: =SUM(K10:N10) -> 59
A11: 1 | B11: CALCULO 1 | C11: G1 | D11: 2P | E11: 4JUEVES | F11: 0.33333333 | G11: 0.5 | H11: =G11-F11 -> 0.16666667 | I11: LLERENA LUCERO TEODORO | K11: 20 | L11: 13 | M11: 13 | N11: 13 | O11: =SUM(K11:N11) -> 59
A12: 1 | B12: DESARROLLO PERSONAL Y LIDERAZGO | C12: G1 | D12: 1T | E12: 4JUEVES | F12: 0.58333333 | G12: 0.625 | H12: =G12-F12 -> 0.041666667 | I12: ORELLLANA MANRRIQUE YOLANDA | K12: 20 | L12: 13 | M12: 13 | N12: 13 | O12: =SUM(K12:N12) -> 59
A13: 1 | B13: DESARROLLO PERSONAL Y LIDERAZGO | C13: G1 | D13: 2P | E13: 4JUEVES | F13: 0.625 | G13: 0.70833333 | H13: =G13-F13 -> 0.083333333 | I13: ORELLLANA MANRRIQUE YOLANDA | K13: 20 | L13: 13 | M13: 13 | N13: 13 | O13: =SUM(K13:N13) -> 59
A14: 1 | B14: INTRODUCCION A LA COMPUTACION | C14: G1 | D14: 1T | E14: 3MIERCOLES | F14: 0.33333333 | G14: 66.458333 | H14: =G14-F14 -> 66.125 | I14: CUADROS VARGAS ERNESTO | K14: 0 | L14: 0 | M14: 0 | N14: 40 | O14: =SUM(K14:N14) -> 40
A15: 1 | B15: INTRODUCCION A LA COMPUTACION | C15: G1 | D15: 2P | E15: 3MIERCOLES | F15: 66.458333 | G15: 66.541667 | H15: =G15-F15 -> 0.083333333 | I15: CUADROS VARGAS ERNESTO | K15: 0 | L15: 0 | M15: 0 | N15: 40 | O15: =SUM(K15:N15) -> 40
A16: 1 | B16: MEDIO AMBIENTE Y DESARROLLO SOSTENIBLE | C16: G1 | D16: 1T | E16: 6SABADO | F16: 0.33333333 | G16: 66.416667 | H16: =G16-F16 -> 66.083333 | I16: FANOLA MERINO PETRONILA | K16: 20 | L16: 13 | M16: 13 | N16: 13 | O16: =SUM(K16:N16) -> 59
... A23: 1 | B23: REDACCIÓN Y TÉCNICAS DE COMUNICACIÓN EFECTIVA I | C23: G1 | D23: 2P | E23: 1LUNES | F23: 0.5 | G23: 0.58333333 | H23: =G23-F23 -> 0.083333333 | I23: RIOS DELGADO JHOANNA | K23: 20 | L23: 13 | M23: 13 | N23: 13 | O23: =SUM(K23:N23) -> 59
A24: 1 | B24: ÁLGEBRA Y GEOMETRÍA ANALÍTICA | C24: G2 | D24: 1T | E24: 1LUNES | F24: 0.33333333 | G24: 0.41666667 | H24: =G24-F24 -> 0.083333333 | K24: 20 | L24: 13 | M24: 13 | N24: 13 | O24: =SUM(K24:N24) -> 59
A25: 1 | B25: ÁLGEBRA Y GEOMETRÍA ANALÍTICA | C25: G2 | D25: 2P | E25: 5VIERNES | F25: 0.33333333 | G25: 0.5 | H25: =G25-F25 -> 0.16666667 | K25: 20 | L25: 13 | M25: 13 | N25: 13 | O25: =SUM(K25:N25) -> 59
A26: 1 | B26: BIOLOGÍA PARA CIENCIAS E INGENIERÍA | C26: G2 | D26: 1T | E26: 3MIERCOLES | F26: 0.33333333 | G26: 0.41666667 | H26: =G26-F26 -> 0.083333333 | I26: VILLASANTE BRAVO NAYSHA | K26: 20 | L26: 13 | M26: 13 | N26: 0 | O26: =SUM(K26:N26) -> 46
A27: 1 | B27: BIOLOGÍA PARA CIENCIAS E INGENIERÍA | C27: G2 | D27: 2P | E27: 3MIERCOLES | F27: 0.41666667 | G27: 0.5 | H27: =G27-F27 -> 0.083333333 | I27: VILLASANTE BRAVO NAYSHA | K27: 20 | L27: 13 | M27: 13 | N27: 0 | O27: =SUM(K27:N27) -> 46
A28: 1 | B28: BIOLOGÍA PARA CIENCIAS E INGENIERÍA | C28: G2 | D28: 3L | E28: 3MIERCOLES | F28: 0.5 | G28: 0.58333333 | H28: =G28-F28 -> 0.083333333 | I28: VILLASANTE BRAVO NAYSHA | K28: 20 | L28: 13 | M28: 13 | N28: 0 | O28: =SUM(K28:N28) -> 46
A29: 1 | B29: CALCULO 1 | C29: G2 | D29: 1T | E29: 2MARTES | F29: 0.58333333 | G29: 0.66666667 | H29: =G29-F29 -> 0.083333333 | I29: TERREROS NAVARRO HELLEN | K29: 20 | L29: 13 | M29: 13 | N29: 13 | O29: =SUM(K29:N29) -> 59
A30: 1 | B30: CALCULO 1 | C30: G2 | D30: 2P | E30: 4JUEVES | F30: 0.58333333 | G30: 0.75 | H30: =G30-F30 -> 0.16666667 | I30: TERREROS NAVARRO HELLEN | K30: 20 | L30: 13 | M30: 13 | N30: 13 | O30: =SUM(K30:N30) -> 59
A31: 1 | B31: DESARROLLO PERSONAL Y LIDERAZGO | C31: G2 | D31: 1T | E31: 1LUNES | F31: 0.41666667 | G31: 0.45833333 | H31: =G31-F31 -> 0.041666667 | I31: ORELLLANA MANRRIQUE YOLANDA | K31: 20 | L31: 13 | M31: 13 | N31: 13 | O31: =SUM(K31:N31) -> 59
A32: 1 | B32: DESARROLLO PERSONAL Y LIDERAZGO | C32: G2 | D32: 2P | E32: 1LUNES | F32: 0.45833333 | G32: 0.54166667 | H32: =G32-F32 -> 0.083333333 | I32: ORELLLANA MANRRIQUE YOLANDA | K32: 20 | L32: 13 | M32: 13 | N32: 13 | O32: =SUM(K32:N32) -> 59
A33: 1 | B33: MEDIO AMBIENTE Y DESARROLLO SOSTENIBLE | C33: G2 | D33: 1T | E33: 4JUEVES | F33: 0.33333333 | G33: 66.416667 | H33: =G33-F33 -> 66.083333 | I33: FANOLA MERINO PETRONILA | K33: 20 | L33: 13 | M33: 13 | N33: 13 | O33: =SUM(K33:N33) -> 59
A34: 1 | B34: MEDIO AMBIENTE Y DESARROLLO SOSTENIBLE | C34: G2 | D34: 2P | E34: 4JUEVES | F34: 0.41666667 | G34: 0.5 | H34: =G34-F34 -> 0.083333333 | I34: FANOLA MERINO PETRONILA | K34: 20 | L34: 13 | M34: 13 | N34: 13 | O34: =SUM(K34:N34) -> 59
A35: 1 | B35: METODOS DE ESTUDIOS UNIVERSITARIOS | C35: G2 | D35: 1T | E35: 6SABADO | F35: 0.33333333 | G35: 0.375 | H35: =G35-F35 -> 0.041666667 | I35: COSME FELIX MIRIAM | K35: 20 | L35: 13 | M35: 13 | N35: 13 | O35: =SUM(K35:N35) -> 59
A36: 1 | B36: METODOS DE ESTUDIOS UNIVERSITARIOS | C36: G2 | D36: 2P | E36: 6SABADO | F36: 0.375 | G36: 0.45833333 | H36: =G36-F36 -> 0.083333333 | I36: COSME FELIX MIRIAM | K36: 20 | L36: 13 | M36: 13 | N36: 13 | O36: =SUM(K36:N36) -> 59
A37: 1 | B37: PROGRAMACIÓN Y COMPUTACIÓN | C37: G2 | D37: 1T | E37: 5VIERNES | F37: 0.58333333 | G37: 0.625 | H37: =G37-F37 -> 0.041666667 | I37: DAMASO RIOS MARIA ROSA | K37: 20 | L37: 13 | M37: 13 | N37: 0 | O37: =SUM(K37:N37) -> 46
... A53: 1 | B53: METODOS DE ESTUDIOS UNIVERSITARIOS | C53: G3 | D53: 2P | E53: 6SABADO | F53: 0.5 | G53: 0.58333333 | H53: =G53-F53 -> 0.083333333 | I53: COSME FELIX MIRIAM | K53: 25 | L53: 18 | M53: 18 | N53: 0 | O53: =SUM(K53:N53) -> 61
A54: 1 | B54: PROGRAMACIÓN Y COMPUTACIÓN | C54: G3 | D54: 1T | E54: 2MARTES | F54: 0.41666667 | G54: 0.45833333 | H54: =G54-F54 -> 0.041666667 | K54: 25 | L54: 18 | M54: 18 | N54: 0 | O54: =SUM(K54:N54) -> 61
A55: 1 | B55: PROGRAMACIÓN Y COMPUTACIÓN | C55: G3 | D55: 2P | E55: 2MARTES | F55: 0.45833333 | G55: 0.54166667 | H55: =G55-F55 -> 0.083333333 | K55: 25 | L55: 18 | M55: 18 | N55: 0 | O55: =SUM(K55:N55) -> 61
A56: 1 | B56: REDACCIÓN Y TÉCNICAS DE COMUNICACIÓN EFECTIVA I | C56: G3 | D56: 1T | E56: 3MIERCOLES | F56: 0.33333333 | G56: 0.41666667 | H56: =G56-F56 -> 0.083333333 | I56: RIOS DELGADO JHOANNA | K56: 25 | L56: 18 | M56: 18 | N56: 0 | O56: =SUM(K56:N56) -> 61
A57: 1 | B57: REDACCIÓN Y TÉCNICAS DE COMUNICACIÓN EFECTIVA I | C57: G3 | D57: 2P | E57: 3MIERCOLES | F57: 0.41666667 | G57: 0.5 | H57: =G57-F57 -> 0.083333333 | I57: RIOS DELGADO JHOANNA | K57: 25 | L57: 18 | M57: 18 | N57: 0 | O57: =SUM(K57:N57) -> 61
A58: 1 | B58: ÁLGEBRA Y GEOMETRÍA ANALÍTICA | C58: G4 | D58: 1T | E58: 2MARTES | F58: 0.33333333 | G58: 0.41666667 | H58: =G58-F58 -> 0.083333333 | K58: 20 | L58: 13 | M58: 13 | N58: 13 | O58: =SUM(K58:N58) -> 59
A59: 1 | B59: ÁLGEBRA Y GEOMETRÍA ANALÍTICA | C59: G4 | D59: 2P | E59: 4JUEVES | F59: 0.33333333 | G59: 0.5 | H59: =G59-F59 -> 0.16666667 | K59: 20 | L59: 13 | M59: 13 | N59: 13 | O59: =SUM(K59:N59) -> 59
A60: 1 | B60: BIOLOGÍA PARA CIENCIAS E INGENIERÍA | C60: G4 | D60: 1T | E60: 3MIERCOLES | F60: 0.33333333 | G60: 0.41666667 | H60: =G60-F60 -> 0.083333333 | I60: ARIAS RAMIREZ ANGELA | K60: 20 | L60: 13 | M60: 13 | N60: 0 | O60: =SUM(K60:N60) -> 46
A61: 1 | B61: BIOLOGÍA PARA CIENCIAS E INGENIERÍA | C61: G4 | D61: 2P | E61: 3MIERCOLES | F61: 0.41666667 | G61: 0.5 | H61: =G61-F61 -> 0.083333333 | I61: ARIAS RAMIREZ ANGELA | K61: 20 | L61: 13 | M61: 13 | N61: 0 | O61: =SUM(K61:N61) -> 46
A62: 1 | B62: BIOLOGÍA PARA CIENCIAS E INGENIERÍA | C62: G4 | D62: 3L | E62: 3MIERCOLES | F62: 0.5 | G62: 0.58333333 | H62: =G62-F62 -> 0.083333333 | I62: ARIAS RAMIREZ ANGELA | K62: 20 | L62: 13 | M62: 13 | N62: 0 | O62: =SUM(K62:N62) -> 46
A63: 1 | B63: CALCULO 1 | C63: G4 | D63: 1T | E63: 1LUNES | F63: 0.58333333 | G63: 0.66666667 | H63: =G63-F63 -> 0.083333333 | K63: 20 | L63: 13 | M63: 13 | N63: 13 | O63: =SUM(K63:N63) -> 59
A64: 1 | B64: CALCULO 1 | C64: G4 | D64: 2P | E64: 5VIERNES | F64: 0.58333333 | G64: 0.75 | H64: =G64-F64 -> 0.16666667 | K64: 20 | L64: 13 | M64: 13 | N64: 13 | O64: =SUM(K64:N64) -> 59
A65: 1 | B65: DESARROLLO PERSONAL Y LIDERAZGO | C65: G4 | D65: 1T | E65: 6SABADO | F65: 0.45833333 | G65: 0.5 | H65: =G65-F65 -> 0.041666667 | I65: SANTISTEBAN PAZOS JOSE | K65: 20 | L65: 13 | M65: 13 | N65: 13 | O65: =SUM(K65:N65) -> 59
A66: 1 | B66: DESARROLLO PERSONAL Y LIDERAZGO | C66: G4 | D66: 2P | E66: 6SABADO | F66: 0.5 | G66: 0.58333333 | H66: =G66-F66 -> 0.083333333 | I66: SANTISTEBAN PAZOS JOSE | K66: 20 | L66: 13 | M66: 13 | N66: 13 | O66: =SUM(K66:N66) -> 59
A67: 1 | B67: MEDIO AMBIENTE Y DESARROLLO SOSTENIBLE | C67: G4 | D67: 1T | E67: 5VIERNES | F67: 0.33333333 | G67: 0.41666667 | H67: =G67-F67 -> 0.083333333 | I67: GUEVARA RESIDENCIA AGUSTIN | K67: 20 | L67: 13 | M67: 13 | N67: 13 | O67: =SUM(K67:N67) -> 59
A68: 1 | B68: MEDIO AMBIENTE Y DESARROLLO SOSTENIBLE | C68: G4 | D68: 2P | E68: 5VIERNES | F68: 0.41666667 | G68: 0.5 | H68: =G68-F68 -> 0.083333333 | I68: GUEVARA RESIDENCIA AGUSTIN | K68: 20 | L68: 13 | M68: 13 | N68: 13 | O68: =SUM(K68:N68) -> 59
A69: 1 | B69: METODOS DE ESTUDIOS UNIVERSITARIOS | C69: G4 | D69: 1T | E69: 2MARTES | F69: 0.41666667 | G69: 0.45833333 | H69: =G69-F69 -> 0.041666667 | I69: RIOS DELGADO JHOANNA | K69: 20 | L69: 13 | M69: 13 | N69: 13 | O69: =SUM(K69:N69) -> 59
A70: 1 | B70: METODOS DE ESTUDIOS UNIVERSITARIOS | C70: G4 | D70: 2P | E70: 2MARTES | F70: 0.45833333 | G70: 0.54166667 | H70: =G70-F70 -> 0.083333333 | I70: RIOS DELGADO JHOANNA | K70: 20 | L70: 13 | M70: 13 | N70: 13 | O70: =SUM(K70:N70) -> 59
A71: 1 | B71: PROGRAMACIÓN Y COMPUTACIÓN | C71: G4 | D71: 1T | E71: 4JUEVES | F71: 0.58333333 | G71: 0.625 | H71: =G71-F71 -> 0.041666667 | I71: DAMASO RIOS MARIA ROSA | K71: 20 | L71: 13 | M71: 13 | N71: 0 | O71: =SUM(K71:N71) -> 46
A72: 1 | B72: PROGRAMACIÓN Y COMPUTACIÓN | C72: G4 | D72: 2P | E72: 4JUEVES | F72: 0.625 | G72: 0.70833333 | H72: =G72-F72 -> 0.083333333 | I72: DAMASO RIOS MARIA ROSA | K72: 20 | L72: 13 | M72: 13 | N72: 0 | O72: =SUM(K72:N72) -> 46
A73: 1 | B73: REDACCIÓN Y TÉCNICAS DE COMUNICACIÓN EFECTIVA I | C73: G4 | D73: 1T | E73: 1LUNES | F73: 0.33333333 | G73: 0.41666667 | H73: =G73-F73 -> 0.083333333 | I73: DIONICIO MEJIA CARMEN | K73: 20 | L73: 13 | M73: 13 | N73: 13 | O73: =SUM(K73:N73) -> 59
A74: 1 | B74: REDACCIÓN Y TÉCNICAS DE COMUNICACIÓN EFECTIVA I | C74: G4 | D74: 2P | E74: 1LUNES | F74: 0.41666667 | G74: 0.5 | H74: =G74-F74 -> 0.083333333 | I74: DIONICIO MEJIA CARMEN | K74: 20 | L74: 13 | M74: 13 | N74: 13 | O74: =SUM(K74:N74) -> 59
A75: 1 | B75: ÁLGEBRA Y GEOMETRÍA ANALÍTICA | C75: G5 | D75: 1T | E75: 1LUNES | F75: 0.33333333 | G75: 0.41666667 | H75: =G75-F75 -> 0.083333333 | K75: 25 | L75: 18 | M75: 18 | N75: 0 | O75: =SUM(K75:N75) -> 61
A76: 1 | B76: ÁLGEBRA Y GEOMETRÍA ANALÍTICA | C76: G5 | D76: 2P | E76: 4JUEVES | F76: 0.33333333 | G76: 0.5 | H76: =G76-F76 -> 0.16666667 | K76: 25 | L76: 18 | M76: 18 | N76: 0 | O76: =SUM(K76:N76) -> 61
A77: 1 | B77: BIOLOGÍA PARA CIENCIAS E INGENIERÍA | C77: G5 | D77: 1T | E77: 2MARTES | F77: 0.33333333 | G77: 0.41666667 | H77: =G77-F77 -> 0.083333333 | I77: HUAMAN TINCO BORJA | K77: 25 | L77: 18 | M77: 18 | N77: 0 | O77: =SUM(K77:N77) -> 61
A78: 1 | B78: BIOLOGÍA PARA CIENCIAS E INGENIERÍA | C78: G5 | D78: 2P | E78: 2MARTES | F78: 0.41666667 | G78: 0.5 | H78: =G78-F78 -> 0.083333333 | I78: HUAMAN TINCO BORJA | K78: 25 | L78: 18 | M78: 18 | N78: 0 | O78: =SUM(K78:N78) -> 61
A79: 1 | B79: BIOLOGÍA PARA CIENCIAS E INGENIERÍA | C79: G5 | D79: 3L | E79: 2MARTES | F79: 0.5 | G79: 0.58333333 | H79: =G79-F79 -> 0.083333333 | I79: HUAMAN TINCO BORJA | K79: 25 | L79: 18 | M79: 18 | N79: 0 | O79: =SUM(K79:N79) -> 61
A80: 1 | B80: CALCULO 1 | C80: G5 | D80: 1T | E80: 3MIERCOLES | F80: 0.33333333 | G80: 0.41666667 | H80: =G80-F80 -> 0.083333333 | I80: MARAVI PERCCA EDWIN | K80: 25 | L80: 18 | M80: 18 | N80: 0 | O80: =SUM(K80:N80) -> 61
A81: 1 | B81: CALCULO 1 | C81: G5 | D81: 2P | E81: 5VIERNES | F81: 0.33333333 | G81: 0.5 | H81: =G81-F81 -> 0.16666667 | I81: MARAVI PERCCA EDWIN | K81: 25 | L81: 18 | M81: 18 | N81: 0 | O81: =SUM(K81:N81) -> 61
A82: 1 | B82: DESARROLLO PERSONAL Y LIDERAZGO | C82: G5 | D82: 1T | E82: 6SABADO | F82: 0.33333333 | G82: 0.375 | H82: =G82-F82 -> 0.041666667 | I82: AGUIILAR CORONEL, JHONATHAM | K82: 25 | L82: 18 | M82: 18 | N82: 0 | O82: =SUM(K82:N82) -> 61
A83: 1 | B83: DESARROLLO PERSONAL Y LIDERAZGO | C83: G5 | D83: 2P | E83: 6SABADO | F83: 0.375 | G83: 0.45833333 | H83: =G83-F83 -> 0.083333333 | I83: AGUIILAR CORONEL, JHONATHAM | K83: 25 | L83: 18 | M83: 18 | N83: 0 | O83: =SUM(K83:N83) -> 61
A84: 1 | B84: MEDIO AMBIENTE Y DESARROLLO SOSTENIBLE | C84: G5 | D84: 1T | E84: 1LUNES | F84: 0.58333333 | G84: 0.66666667 | H84: =G84-F84 -> 0.083333333 | I84: COLCA GARCIA HEDDY | K84: 25 | L84: 18 | M84: 18 | N84: 0 | O84: =SUM(K84:N84) -> 61
A85: 1 | B85: MEDIO AMBIENTE Y DESARROLLO SOSTENIBLE | C85: G5 | D85: 2P | E85: 1LUNES | F85: 0.66666667 | G85: 0.75 | H85: =G85-F85 -> 0.083333333 | I85: COLCA GARCIA HEDDY | K85: 25 | L85: 18 | M85: 18 | N85: 0 | O85: =SUM(K85:N85) -> 61
A86: 1 | B86: METODOS DE ESTUDIOS UNIVERSITARIOS | C86: G5 | D86: 1T | E86: 4JUEVES | F86: 0.58333333 | G86: 0.625 | H86: =G86-F86 -> 0.041666667 | I86: COSME FELIX MIRIAM | K86: 25 | L86: 18 | M86: 18 | N86: 0 | O86: =SUM(K86:N86) -> 61
A87: 1 | B87: METODOS DE ESTUDIOS UNIVERSITARIOS | C87: G5 | D87: 2P | E87: 4JUEVES | F87: 0.625 | G87: 0.70833333 | H87: =G87-F87 -> 0.083333333 | I87: COSME FELIX MIRIAM | K87: 25 | L87: 18 | M87: 18 | N87: 0 | O87: =SUM(K87:N87) -> 61
A88: 1 | B88: PROGRAMACIÓN Y COMPUTACIÓN | C88: G5 | D88: 1T | E88: 3MIERCOLES | F88: 0.41666667 | G88: 0.45833333 | H88: =G88-F88 -> 0.041666667 | I88: RUIZ RIVERA MARIA ELENA | K88: 25 | L88: 18 | M88: 18 | N88: 0 | O88: =SUM(K88:N88) -> 61
... A91: 1 | B91: REDACCIÓN Y TÉCNICAS DE COMUNICACIÓN EFECTIVA I | C91: G5 | D91: 2P | E91: 5VIERNES | F91: 0.58333333 | G91: 0.66666667 | H91: =G91-F91 -> 0.083333333 | I91: RIOS DELGADO JHOANNA | K91: 25 | L91: 18 | M91: 18 | N91: 0 | O91: =SUM(K91:N91) -> 61
A92: 1 | B92: ÁLGEBRA Y GEOMETRÍA ANALÍTICA | C92: G6 | D92: 1T | E92: 1LUNES | F92: 0.33333333 | G92: 0.41666667 | H92: =G92-F92 -> 0.083333333 | K92: 25 | L92: 18 | M92: 18 | N92: 0 | O92: =SUM(K92:N92) -> 61
A93: 1 | B93: ÁLGEBRA Y GEOMETRÍA ANALÍTICA | C93: G6 | D93: 2P | E93: 4JUEVES | F93: 0.33333333 | G93: 0.5 | H93: =G93-F93 -> 0.16666667 | K93: 25 | L93: 18 | M93: 18 | N93: 0 | O93: =SUM(K93:N93) -> 61
A94: 1 | B94: BIOLOGÍA PARA CIENCIAS E INGENIERÍA | C94: G6 | D94: 1T | E94: 2MARTES | F94: 0.33333333 | G94: 0.41666667 | H94: =G94-F94 -> 0.083333333 | I94: ARIAS RAMIREZ ANGELA | K94: 25 | L94: 18 | M94: 18 | N94: 0 | O94: =SUM(K94:N94) -> 61
A95: 1 | B95: BIOLOGÍA PARA CIENCIAS E INGENIERÍA | C95: G6 | D95: 2P | E95: 2MARTES | F95: 0.41666667 | G95: 0.5 | H95: =G95-F95 -> 0.083333333 | I95: ARIAS RAMIREZ ANGELA | K95: 25 | L95: 18 | M95: 18 | N95: 0 | O95: =SUM(K95:N95) -> 61
A96: 1 | B96: BIOLOGÍA PARA CIENCIAS E INGENIERÍA | C96: G6 | D96: 3L | E96: 2MARTES | F96: 0.5 | G96: 0.58333333 | H96: =G96-F96 -> 0.083333333 | I96: ARIAS RAMIREZ ANGELA | K96: 25 | L96: 18 | M96: 18 | N96: 0 | O96: =SUM(K96:N96) -> 61
A97: 1 | B97: CALCULO 1 | C97: G6 | D97: 1T | E97: 3MIERCOLES | F97: 0.33333333 | G97: 0.41666667 | H97: =G97-F97 -> 0.083333333 | I97: LLERENA LUCERO TEODORO | K97: 25 | L97: 18 | M97: 18 | N97: 0 | O97: =SUM(K97:N97) -> 61
A98: 1 | B98: CALCULO 1 | C98: G6 | D98: 2P | E98: 5VIERNES | F98: 0.58333333 | G98: 0.75 | H98: =G98-F98 -> 0.16666667 | I98: LLERENA LUCERO TEODORO | K98: 25 | L98: 18 | M98: 18 | N98: 0 | O98: =SUM(K98:N98) -> 61
A99: 1 | B99: DESARROLLO PERSONAL Y LIDERAZGO | C99: G6 | D99: 1T | E99: 6SABADO | F99: 0.45833333 | G99: 0.5 | H99: =G99-F99 -> 0.041666667 | I99: COLCA GARCIA HEDDY | K99: 25 | L99: 18 | M99: 18 | N99: 0 | O99: =SUM(K99:N99) -> 61
A100: 1 | B100: DESARROLLO PERSONAL Y LIDERAZGO | C100: G6 | D100: 2P | E100: 6SABADO | F100: 0.5 | G100: 0.58333333 | H100: =G100-F100 -> 0.083333333 | I100: COLCA GARCIA HEDDY | K100: 25 | L100: 18 | M100: 18 | N100: 0 | O100: =SUM(K100:N100) -> 61
A101: 1 | B101: MEDIO AMBIENTE Y DESARROLLO SOSTENIBLE | C101: G6 | D101: 1T | E101: 1LUNES | F101: 0.41666667 | G101: 0.5 | H101: =G101-F101 -> 0.083333333 | I101: GUEVARA RESIDENCIA AGUSTIN | K101: 25 | L101: 18 | M101: 18 | N101: 0 | O101: =SUM(K101:N101) -> 61
A102: 1 | B102: MEDIO AMBIENTE Y DESARROLLO SOSTENIBLE | C102: G6 | D102: 2P | E102: 1LUNES | F102: 0.5 | G102: 0.58333333 | H102: =G102-F102 -> 0.083333333 | I102: GUEVARA RESIDENCIA AGUSTIN | K102: 25 | L102: 18 | M102: 18 | N102: 0 | O102: =SUM(K102:N102) -> 61
A103: 1 | B103: METODOS DE ESTUDIOS UNIVERSITARIOS | C103: G6 | D103: 1T | E103: 4JUEVES | F103: 0.58333333 | G103: 0.625 | H103: =G103-F103 -> 0.041666667 | I103: GUEVARA RESIDENCIA AGUSTIN | K103: 25 | L103: 18 | M103: 18 | N103: 0 | O103: =SUM(K103:N103) -> 61
A104: 1 | B104: METODOS DE ESTUDIOS UNIVERSITARIOS | C104: G6 | D104: 2P | E104: 4JUEVES | F104: 0.625 | G104: 0.70833333 | H104: =G104-F104 -> 0.083333333 | I104: GUEVARA RESIDENCIA AGUSTIN | K104: 25 | L104: 18 | M104: 18 | N104: 0 | O104: =SUM(K104:N104) -> 61
A105: 1 | B105: PROGRAMACIÓN Y COMPUTACIÓN | C105: G6 | D105: 1T | E105: 3MIERCOLES | F105: 0.41666667 | G105: 0.45833333 | H105: =G105-F105 -> 0.041666667 | I105: ROMERO NAUPARI PABLO | K105: 25 | L105: 18 | M105: 18 | N105: 0 | O105: =SUM(K105:N105) -> 61
... A108: 1 | B108: REDACCIÓN Y TÉCNICAS DE COMUNICACIÓN EFECTIVA I | C108: G6 | D108: 2P | E108: 5VIERNES | F108: 0.41666667 | G108: 0.5 | H108: =G108-F108 -> 0.083333333 | I108: DIONICIO MEJIA CARMEN | K108: 25 | L108: 18 | M108: 18 | N108: 0 | O108: =SUM(K108:N108) -> 61
A109: 2 | B109: CÁLCULO II | C109: G1 | D109: 1T | E109: 2MARTES | F109: 0.33333333 | G109: 0.41666667 | H109: =G109-F109 -> 0.083333333
A110: 2 | B110: CÁLCULO II | C110: G1 | D110: 2P | E110: 4JUEVES | F110: 0.33333333 | G110: 0.5 | H110: =G110-F110 -> 0.16666667
A111: 2 | B111: FÍSICA | C111: G1 | D111: 1T | E111: 3MIERCOLES | F111: 0.33333333 | G111: 0.45833333 | H111: =G111-F111 -> 0.125
A112: 2 | B112: FÍSICA | C112: G1 | D112: 2P | E112: 3MIERCOLES | F112: 0.45833333 | G112: 0.54166667 | H112: =G112-F112 -> 0.083333333

Sheet Horarios EEGG
A1: UNIVERSIDAD NACIONAL MAYOR DE SAN MARCOS
A2: FACULTAD DE INGENIERÍA DE SISTEMAS E INFORMÁTICA
A3: COORDINACION DE ESTUDIOS GENERALES
A5: HORARIOS DE ASIGNATURAS DE ESTUDIOS GENERALES 2026-1
A7: CICLO I
A8: =EEGG!B5 -> ÁLGEBRA Y GEOMETRÍA ANALÍTICA
A9: GRUPO | B9: T | C9: DIA | D9: HORARIO | F9: DOCENTE PROPUESTO
A10: G-1 | B10: T | C10: =EEGG!E5 -> 1LUNES | D10: =EEGG!F5 -> 0.33333333 | E10: =EEGG!G5 -> 0.41666667 | F10: =EEGG!I5 -> TERREROS NAVARRO, HELLEN
B11: P | C11: =EEGG!E6 -> 5VIERNES | D11: =EEGG!F6 -> 0.33333333 | E11: =EEGG!G6 -> 0.5 | F11: =EEGG!I5 -> TERREROS NAVARRO, HELLEN
A12: G-2 | B12: T | C12: =EEGG!E7 -> 3MIERCOLES | D12: =EEGG!F7 -> 0.33333333 | E12: =EEGG!G7 -> 0.41666667
B13: P | C13: =EEGG!E8 -> 3MIERCOLES | D13: =EEGG!F8 -> 0.41666667 | E13: =EEGG!G8 -> 0.5
A14: G-3 | B14: T | C14: =EEGG!E9 -> 3MIERCOLES | D14: =EEGG!F9 -> 0.5 | E14: =EEGG!G9 -> 0.58333333 | F14: =EEGG!I5 -> TERREROS NAVARRO, HELLEN
B15: P | C15: =EEGG!E10 -> 2MARTES | D15: =EEGG!F10 -> 0.33333333 | E15: =EEGG!G10 -> 0.41666667 | F15: =EEGG!I5 -> TERREROS NAVARRO, HELLEN
A16: G-4 | B16: T | C16: =EEGG!E11 -> 4JUEVES | D16: =EEGG!F11 -> 0.33333333 | E16: =EEGG!G11 -> 0.5
B17: P | C17: =EEGG!E12 -> 4JUEVES | D17: =EEGG!F12 -> 0.58333333 | E17: =EEGG!G12 -> 0.625
A18: G-5 | B18: T | C18: =EEGG!E13 -> 4JUEVES | D18: =EEGG!F13 -> 0.625 | E18: =EEGG!G13 -> 0.70833333
B19: P | C19: =EEGG!E14 -> 3MIERCOLES | D19: =EEGG!F14 -> 0.33333333 | E19: =EEGG!G14 -> 66.458333
A20: G-6 | B20: T | C20: =EEGG!E15 -> 3MIERCOLES | D20: =EEGG!F15 -> 66.458333 | E20: =EEGG!G15 -> 66.541667
B21: P | C21: =EEGG!E16 -> 6SABADO | D21: =EEGG!F16 -> 0.33333333 | E21: =EEGG!G16 -> 66.416667
A23: =EEGG!B20 -> PROGRAMACIÓN Y COMPUTACIÓN
A24: GRUPO | B24: T | C24: DIA | D24: HORARIO | F24: DOCENTE
A25: G-1 | B25: T | C25: =EEGG!E17 -> 6SABADO | D25: =EEGG!F17 -> 0.41666667 | E25: =EEGG!G17 -> 0.5
B26: P | C26: =EEGG!E18 -> 2MARTES | D26: =EEGG!F18 -> 0.58333333 | E26: =EEGG!G18 -> 0.625
B27: L | C27: =EEGG!E19 -> 2MARTES | D27: =EEGG!F19 -> 0.625 | E27: =EEGG!G19 -> 0.70833333
A28: G-2 | B28: T | C28: =EEGG!E20 -> 2MARTES | D28: =EEGG!F20 -> 0.41666667 | E28: =EEGG!G20 -> 0.45833333
B29: P | C29: =EEGG!E21 -> 2MARTES | D29: =EEGG!F21 -> 0.45833333 | E29: =EEGG!G21 -> 66.541667
B30: L | C30: =EEGG!E22 -> 1LUNES | D30: =EEGG!F22 -> 0.41666667 | E30: =EEGG!G22 -> 0.5
A31: G-3 | B31: T | C31: =EEGG!E23 -> 1LUNES | D31: =EEGG!F23 -> 0.5 | E31: =EEGG!G23 -> 0.58333333
B32: P | C32: =EEGG!E24 -> 1LUNES | D32: =EEGG!F24 -> 0.33333333 | E32: =EEGG!G24 -> 0.41666667
B33: L | C33: =EEGG!E25 -> 5VIERNES | D33: =EEGG!F25 -> 0.33333333 | E33: =EEGG!G25 -> 0.5
A34: G-4 | B34: T | C34: =EEGG!E26 -> 3MIERCOLES | D34: =EEGG!F26 -> 0.33333333 | E34: =EEGG!G26 -> 0.41666667
B35: P | C35: =EEGG!E27 -> 3MIERCOLES | D35: =EEGG!F27 -> 0.41666667 | E35: =EEGG!G27 -> 0.5
B36: L | C36: =EEGG!E28 -> 3MIERCOLES | D36: =EEGG!F28 -> 0.5 | E36: =EEGG!G28 -> 0.58333333
A37: G-5 | B37: T | C37: =EEGG!E29 -> 2MARTES | D37: =EEGG!F29 -> 0.58333333 | E37: =EEGG!G29 -> 0.66666667
B38: P | C38: =EEGG!E30 -> 4JUEVES | D38: =EEGG!F30 -> 0.58333333 | E38: =EEGG!G30 -> 0.75
B39: L | C39: =EEGG!E31 -> 1LUNES | D39: =EEGG!F31 -> 0.41666667 | E39: =EEGG!G31 -> 0.45833333
A40: G-6 | B40: T | C40: =EEGG!E32 -> 1LUNES | D40: =EEGG!F32 -> 0.45833333 | E40: =EEGG!G32 -> 0.54166667
B41: P | C41: =EEGG!E33 -> 4JUEVES | D41: =EEGG!F33 -> 0.33333333 | E41: =EEGG!G33 -> 66.416667
B42: L | C42: =EEGG!E34 -> 4JUEVES | D42: =EEGG!F34 -> 0.41666667 | E42: =EEGG!G34 -> 0.5
A44: =EEGG!B35 -> METODOS DE ESTUDIOS UNIVERSITARIOS
A45: GRUPO | B45: T | C45: DIA | D45: HORARIO | F45: DOCENTE
A46: G-1 | B46: T | C46: =EEGG!E35 -> 6SABADO | D46: =EEGG!F35 -> 0.33333333 | E46: =EEGG!G35 -> 0.375
B47: P | C47: =EEGG!E36 -> 6SABADO | D47: =EEGG!F36 -> 0.375 | E47: =EEGG!G36 -> 0.45833333
A48: G-2 | B48: T | C48: =EEGG!E37 -> 5VIERNES | D48: =EEGG!F37 -> 0.58333333 | E48: =EEGG!G37 -> 0.625
B49: P | C49: =EEGG!E38 -> 5VIERNES | D49: =EEGG!F38 -> 0.625 | E49: =EEGG!G38 -> 0.70833333
A50: G-3 | B50: T | C50: =EEGG!E39 -> 2MARTES | D50: =EEGG!F39 -> 0.33333333 | E50: =EEGG!G39 -> 0.41666667
B51: P | C51: =EEGG!E40 -> 2MARTES | D51: =EEGG!F40 -> 0.41666667 | E51: =EEGG!G40 -> 0.5
A52: G-4 | B52: T | C52: =EEGG!E41 -> 2MARTES | D52: =EEGG!F41 -> 0.33333333 | E52: =EEGG!G41 -> 0.41666667
B53: P | C53: =EEGG!E42 -> 4JUEVES | D53: =EEGG!F42 -> 0.33333333 | E53: =EEGG!G42 -> 0.5
A54: G-5 | B54: T | C54: =EEGG!E43 -> 1LUNES | D54: =EEGG!F43 -> 0.33333333 | E54: =EEGG!G43 -> 0.41666667
B55: P | C55: =EEGG!E44 -> 1LUNES | D55: =EEGG!F44 -> 0.41666667 | E55: =EEGG!G44 -> 0.5
A56: G-6 | B56: T | C56: =EEGG!E45 -> 1LUNES | D56: =EEGG!F45 -> 0.5 | E56: =EEGG!G45 -> 0.58333333
B57: P | C57: =EEGG!E46 -> 3MIERCOLES | D57: =EEGG!F46 -> 0.58333333 | E57: =EEGG!G46 -> 66.666667
A59: =EEGG!B50 -> MEDIO AMBIENTE Y DESARROLLO SOSTENIBLE
A60: GRUPO | B60: T | C60: DIA | D60: HORARIO | F60: DOCENTE
A61: G-1 | B61: T | C61: =EEGG!E47 -> 5VIERNES | D61: =EEGG!F47 -> 0.58333333 | E61: =EEGG!G47 -> 66.75
B62: P | C62: =EEGG!E48 -> 6SABADO | D62: =EEGG!F48 -> 0.33333333 | E62: =EEGG!G48 -> 0.375
A63: G-2 | B63: T | C63: =EEGG!E49 -> 6SABADO | D63: =EEGG!F49 -> 0.375 | E63: =EEGG!G49 -> 0.45833333
B64: P | C64: =EEGG!E50 -> 5VIERNES | D64: =EEGG!F50 -> 0.33333333 | E64: =EEGG!G50 -> 0.41666667
A65: G-3 | B65: T | C65: =EEGG!E51 -> 5VIERNES | D65: =EEGG!F51 -> 0.41666667 | E65: =EEGG!G51 -> 0.5
B66: P | C66: =EEGG!E52 -> 6SABADO | D66: =EEGG!F52 -> 0.45833333 | E66: =EEGG!G52 -> 0.5
A67: G-4 | B67: T | C67: =EEGG!E53 -> 6SABADO | D67: =EEGG!F53 -> 0.5 | E67: =EEGG!G53 -> 0.58333333
B68: P | C68: =EEGG!E54 -> 2MARTES | D68: =EEGG!F54 -> 0.41666667 | E68: =EEGG!G54 -> 0.45833333
A69: G-5 | B69: T | C69: =EEGG!E55 -> 2MARTES | D69: =EEGG!F55 -> 0.45833333 | E69: =EEGG!G55 -> 0.54166667
B70: P | C70: =EEGG!E56 -> 3MIERCOLES | D70: =EEGG!F56 -> 0.33333333 | E70: =EEGG!G56 -> 0.41666667
A71: G-6 | B71: T | C71: =EEGG!E57 -> 3MIERCOLES | D71: =EEGG!F57 -> 0.41666667 | E71: =EEGG!G57 -> 0.5
B72: P | C72: =EEGG!E58 -> 2MARTES | D72: =EEGG!F58 -> 0.33333333 | E72: =EEGG!G58 -> 0.41666667
A74: =EEGG!B65 -> DESARROLLO PERSONAL Y LIDERAZGO
A75: GRUPO | B75: T | C75: DIA | D75: HORARIO | F75: DOCENTE
A76: G-1 | B76: T | C76: =EEGG!E59 -> 4JUEVES | D76: =EEGG!F59 -> 0.33333333 | E76: =EEGG!G59 -> 0.5
B77: P | C77: =EEGG!E60 -> 3MIERCOLES | D77: =EEGG!F60 -> 0.33333333 | E77: =EEGG!G60 -> 0.41666667
A78: G-2 | B78: T | C78: =EEGG!E61 -> 3MIERCOLES | D78: =EEGG!F61 -> 0.41666667 | E78: =EEGG!G61 -> 0.5
B79: P | C79: =EEGG!E62 -> 3MIERCOLES | D79: =EEGG!F62 -> 0.5 | E79: =EEGG!G62 -> 0.58333333
A80: G-3 | B80: T | C80: =EEGG!E63 -> 1LUNES | D80: =EEGG!F63 -> 0.58333333 | E80: =EEGG!G63 -> 0.66666667
B81: P | C81: =EEGG!E64 -> 5VIERNES | D81: =EEGG!F64 -> 0.58333333 | E81: =EEGG!G64 -> 0.75
A82: G-4 | B82: T | C82: =EEGG!E65 -> 6SABADO | D82: =EEGG!F65 -> 0.45833333 | E82: =EEGG!G65 -> 0.5
B83: P | C83: =EEGG!E66 -> 6SABADO | D83: =EEGG!F66 -> 0.5 | E83: =EEGG!G66 -> 0.58333333
A84: G-5 | B84: T | C84: =EEGG!E67 -> 5VIERNES | D84: =EEGG!F67 -> 0.33333333 | E84: =EEGG!G67 -> 0.41666667
B85: P | C85: =EEGG!E68 -> 5VIERNES | D85: =EEGG!F68 -> 0.41666667 | E85: =EEGG!G68 -> 0.5
A86: G-6 | B86: T | C86: =EEGG!E69 -> 2MARTES | D86: =EEGG!F69 -> 0.41666667 | E86: =EEGG!G69 -> 0.45833333
B87: P | C87: =EEGG!E70 -> 2MARTES | D87: =EEGG!F70 -> 0.45833333 | E87: =EEGG!G70 -> 0.54166667
A89: =EEGG!B81 -> CALCULO 1
A90: GRUPO | B90: T | C90: DIA | D90: HORARIO | F90: DOCENTE
A91: G-1 | B91: T | C91: =EEGG!E71 -> 4JUEVES | D91: =EEGG!F71 -> 0.58333333 | E91: =EEGG!G71 -> 0.625
B92: P | C92: =EEGG!E72 -> 4JUEVES | D92: =EEGG!F72 -> 0.625 | E92: =EEGG!G72 -> 0.70833333
A93: G-2 | B93: T | C93: =EEGG!E73 -> 1LUNES | D93: =EEGG!F73 -> 0.33333333 | E93: =EEGG!G73 -> 0.41666667
B94: P | C94: =EEGG!E74 -> 1LUNES | D94: =EEGG!F74 -> 0.41666667 | E94: =EEGG!G74 -> 0.5
A95: G-3 | B95: T | C95: =EEGG!E75 -> 1LUNES | D95: =EEGG!F75 -> 0.33333333 | E95: =EEGG!G75 -> 0.41666667
B96: P | C96: =EEGG!E76 -> 4JUEVES | D96: =EEGG!F76 -> 0.33333333 | E96: =EEGG!G76 -> 0.5
A97: G-4 | B97: T | C97: =EEGG!E77 -> 2MARTES | D97: =EEGG!F77 -> 0.33333333 | E97: =EEGG!G77 -> 0.41666667
B98: P | C98: =EEGG!E78 -> 2MARTES | D98: =EEGG!F78 -> 0.41666667 | E98: =EEGG!G78 -> 0.5
A99: G-5 | B99: T | C99: =EEGG!E79 -> 2MARTES | D99: =EEGG!F79 -> 0.5 | E99: =EEGG!G79 -> 0.58333333
B100: P | C100: =EEGG!E80 -> 3MIERCOLES | D100: =EEGG!F80 -> 0.33333333 | E100: =EEGG!G80 -> 0.41666667
A101: G-6 | B101: T | C101: =EEGG!E81 -> 5VIERNES | D101: =EEGG!F81 -> 0.33333333 | E101: =EEGG!G81 -> 0.5
B102: P | C102: =EEGG!E82 -> 6SABADO | D102: =EEGG!F82 -> 0.33333333 | E102: =EEGG!G82 -> 0.375
A104: =EEGG!B83 -> DESARROLLO PERSONAL Y LIDERAZGO
A105: GRUPO | B105: T | C105: DIA | D105: HORARIO | F105: DOCENTE
A106: G-1 | B106: T | C106: =EEGG!E83 -> 6SABADO | D106: =EEGG!F83 -> 0.375 | E106: =EEGG!G83 -> 0.45833333
B107: P | C107: =EEGG!E84 -> 1LUNES | D107: =EEGG!F84 -> 0.58333333 | E107: =EEGG!G84 -> 0.66666667
A108: G-2 | B108: T | C108: =EEGG!E85 -> 1LUNES | D108: =EEGG!F85 -> 0.66666667 | E108: =EEGG!G85 -> 0.75
...

Sheet hor grupos
A2: GRUPO 1
A3: H. INI. | B3: H. FIN | C3: T | D3: LUNES | E3: T | F3: MARTES | G3: T | H3: MIERCOLES | I3: T | J3: JUEVES | K3: T | L3: VIERNES | M3: T | N3: SÁBADO
A4: 0.33333333 | B4: 0.375 | C4: T | D4: ÁLGEBRA Y GEOMETRÍA ANALÍTICA docente aula | E4: T | F4: CALCULO 1 | G4: T | H4: BIOLOGÍA PARA CIENCIAS E INGENIERÍA | I4: P | J4: CALCULO 1 | K4: P | L4: ÁLGEBRA Y GEOMETRÍA ANALÍTICA | M4: T | N4: MEDIO AMBIENTE Y DESARROLLO SOSTENIBLE
A5: 0.375 | B5: 0.41666667
A6: 0.41666667 | B6: 0.45833333 | C6: T | D6: REDACCIÓN Y TÉCNICAS DE COMUNICACIÓN EFECTIVA I | E6: T | F6: PROGRAMACIÓN Y COMPUTACIÓN | G6: P | H6: BIOLOGÍA PARA CIENCIAS E INGENIERÍA | M6: P | N6: MEDIO AMBIENTE Y DESARROLLO SOSTENIBLE
A7: 0.45833333 | B7: 0.5 | E7: P | F7: PROGRAMACIÓN Y COMPUTACIÓN
A8: 0.5 | B8: 0.54166667 | C8: P | D8: REDACCIÓN Y TÉCNICAS DE COMUNICACIÓN EFECTIVA I | G8: L | H8: BIOLOGÍA PARA CIENCIAS E INGENIERÍA
A9: 0.54166667 | B9: 0.58333333
A10: 0.58333333 | B10: 0.625 | E10: T | F10: METODOS DE ESTUDIOS UNIVERSITARIOS | I10: T | J10: DESARROLLO PERSONAL Y LIDERAZGO | K10: T | M10: T
A11: 0.625 | B11: 0.66666667 | E11: P | F11: METODOS DE ESTUDIOS UNIVERSITARIOS | I11: P | J11: DESARROLLO PERSONAL Y LIDERAZGO | K11: P | M11: P
A12: 0.66666667 | B12: 0.70833333
A13: 0.70833333 | B13: 0.75
A14: 0.75 | B14: 0.79166667
A15: 0.79166667 | B15: 0.83333333
A16: 0.83333333 | B16: 0.875
A17: 0.875 | B17: 0.91666667
A20: GRUPO 2
A21: H. INI. | B21: H. FIN | C21: T | D21: LUNES | E21: T | F21: MARTES | G21: T | H21: MIERCOLES | I21: T | J21: JUEVES | K21: T | L21: VIERNES | M21: T | N21: SÁBADO
A22: 0.33333333 | B22: 0.375 | C22: T | D22: ÁLGEBRA Y GEOMETRÍA ANALÍTICA | E22: T | F22: REDACCIÓN Y TÉCNICAS DE COMUNICACIÓN EFECTIVA I | G22: T | H22: BIOLOGÍA PARA CIENCIAS E INGENIERÍA | I22: T | J22: MEDIO AMBIENTE Y DESARROLLO SOSTENIBLE | K22: P | L22: ÁLGEBRA Y GEOMETRÍA ANALÍTICA | M22: T | N22: METODOS DE ESTUDIOS UNIVERSITARIOS
A23: 0.375 | B23: 0.41666667 | M23: P | N23: METODOS DE ESTUDIOS UNIVERSITARIOS
A24: 0.41666667 | B24: 0.45833333 | C24: T | D24: DESARROLLO PERSONAL Y LIDERAZGO | E24: P | F24: REDACCIÓN Y TÉCNICAS DE COMUNICACIÓN EFECTIVA I | G24: P | H24: BIOLOGÍA PARA CIENCIAS E INGENIERÍA | I24: P | J24: MEDIO AMBIENTE Y DESARROLLO SOSTENIBLE
A25: 0.45833333 | B25: 0.5 | C25: P | D25: DESARROLLO PERSONAL Y LIDERAZGO
A26: 0.5 | B26: 0.54166667 | G26: L | H26: BIOLOGÍA PARA CIENCIAS E INGENIERÍA
A27: 0.54166667 | B27: 0.58333333
A28: 0.58333333 | B28: 0.625 | E28: T | F28: CALCULO 1 | I28: P | J28: CALCULO 1 | K28: T | L28: PROGRAMACIÓN Y COMPUTACIÓN | M28: T
A29: 0.625 | B29: 0.66666667 | K29: P | L29: PROGRAMACIÓN Y COMPUTACIÓN | M29: P
A30: 0.66666667 | B30: 0.70833333
A31: 0.70833333 | B31: 0.75
A32: 0.75 | B32: 0.79166667
A33: 0.79166667 | B33: 0.83333333
A34: 0.83333333 | B34: 0.875
A35: 0.875 | B35: 0.91666667

Sheet P2023
A1: PROGRAMACION ACADEMICA 2025-I
A2: EP INGNIERIA DE SISTEMAS
A4: CICLO | B4: ASIGNATURA | C4: GRUPO | D4: T/P/L | E4: DIA | F4: H.INI | G4: H.FIN | H4: TOT | I4: DOCENTE | J4: P2023 | K4: P2018 | M4: TOTAL
A5: 3 | B5: ELECTROMAGNETISMO Y ÓPTICA | C5: G1 | D5: 1T | E5: 1LUNES | F5: 0.33333333 | G5: 0.45833333 | H5: =G5-F5 -> 0.125
A6: 3 | B6: ELECTROMAGNETISMO Y ÓPTICA | C6: G1 | D6: 2P | E6: 1LUNES | F6: 0.45833333 | G6: 0.54166667 | H6: =G6-F6 -> 0.083333333
A7: 3 | B7: FUNDAMENTOS DE SISTEMAS DE INFORMACIÓN | C7: G1 | D7: 1T | E7: 5VIERNES | F7: 0.58333333 | G7: 0.625 | H7: =G7-F7 -> 0.041666667
A8: 3 | B8: FUNDAMENTOS DE SISTEMAS DE INFORMACIÓN | C8: G1 | D8: 2P | E8: 5VIERNES | F8: 0.625 | G8: 0.70833333 | H8: =G8-F8 -> 0.083333333
A9: 3 | B9: INTRODUCCIÓN A LA COMPUTACIÓN | C9: G1 | D9: 1T | E9: 4JUEVES | F9: 0.33333333 | G9: 0.45833333 | H9: =G9-F9 -> 0.125
A10: 3 | B10: INTRODUCCIÓN A LA COMPUTACIÓN | C10: G1 | D10: 2P | E10: 4JUEVES | F10: 0.45833333 | G10: 0.54166667 | H10: =G10-F10 -> 0.083333333
A11: 3 | B11: MATEMÁTICAS DISCRETAS | C11: G1 | D11: 1T | E11: 2MARTES | F11: 0.33333333 | G11: 0.41666667 | H11: =G11-F11 -> 0.083333333
A12: 3 | B12: MATEMÁTICAS DISCRETAS | C12: G1 | D12: 2P | E12: 2MARTES | F12: 0.41666667 | G12: 0.58333333 | H12: =G12-F12 -> 0.16666667
A13: 3 | B13: PROGRAMACIÓN DE COMPUTADORAS I | C13: G1 | D13: 1T | E13: 3MIERCOLES | F13: 0.33333333 | G13: 0.41666667 | H13: =G13-F13 -> 0.083333333
A14: 3 | B14: PROGRAMACIÓN DE COMPUTADORAS I | C14: G1 | D14: 2P | E14: 3MIERCOLES | F14: 0.41666667 | G14: 0.5 | H14: =G14-F14 -> 0.083333333
A15: 3 | B15: PROGRAMACIÓN DE COMPUTADORAS I | C15: G1 | D15: 3L | E15: 3MIERCOLES | F15: 0.5 | G15: 0.58333333 | H15: =G15-F15 -> 0.083333333
A16: 3 | B16: SERIES Y ECUACIONES DIFERENCIALES | C16: G1 | D16: 1T | E16: 5VIERNES | F16: 0.33333333 | G16: 0.45833333 | H16: =G16-F16 -> 0.125
... A140: 6 | B140: MODELOS Y SIMULACIÓN | C140: G4 | D140: 3L | E140: 5VIERNES | F140: 0.66666667 | G140: 0.75 | H140: =G140-F140 -> 0.083333333
A149: 1LUNES
A150: 2MARTES
A151: 3MIERCOLES
A152: 4JUEVES
A153: 5VIERNES
A154: 6SABADO

Sheet PLAN 2018
A1: PROGRAMACION ACADEMICA 2025-I
A2: EP INGNIERIA DE SISTEMAS
A4: CICLO | B4: ASIGNATURA | C4: GRUPO | D4: T/P/L | E4: DIA | F4: H.INI | G4: H.FIN | H4: TOT | I4: Plan 2023
A5: 3 | B5: SERIES Y ECUACIONES DIFERENCIALES | C5: G1 | D5: 1T | E5: 5VIERNES | F5: 0.33333333 | G5: 0.45833333 | H5: =G5-F5 -> 0.125 | I5: SERIES Y ECUACIONES DIFERENCIALES
A6: 3 | B6: SERIES Y ECUACIONES DIFERENCIALES | C6: G1 | D6: 2P | E6: 5VIERNES | F6: 0.45833333 | G6: 0.54166667 | H6: =G6-F6 -> 0.083333333 | I6: SERIES Y ECUACIONES DIFERENCIALES
A7: 3 | B7: TEORIA GENERAL DE SISTEMAS | C7: G1 | D7: 1T | E7: 5VIERNES | F7: 0.58333333 | G7: 0.625 | H7: =G7-F7 -> 0.041666667 | I7: FUNDAMENTOS DE SISTEMAS DE INFORMACIÓN
A8: 3 | B8: TEORIA GENERAL DE SISTEMAS | C8: G1 | D8: 2P | E8: 5VIERNES | F8: 0.625 | G8: 0.70833333 | H8: =G8-F8 -> 0.083333333 | I8: FUNDAMENTOS DE SISTEMAS DE INFORMACIÓN
A9: 3 | B9: ORGANIZACIÓN Y ADMINISTRACIÓN | C9: G1 | D9: 1T | E9: 4JUEVES | F9: 0.33333333 | G9: 0.41666667 | H9: =G9-F9 -> 0.083333333 | I9: ORGANIZACIÓN EMPRESARIAL
A10: 3 | B10: ORGANIZACIÓN Y ADMINISTRACIÓN | C10: G1 | D10: 2P | E10: 4JUEVES | F10: 0.41666667 | G10: 0.5 | H10: =G10-F10 -> 0.083333333 | I10: ORGANIZACIÓN EMPRESARIAL
A11: 3 | B11: MATEMÁTICAS DISCRETAS | C11: G1 | D11: 1T | E11: 2MARTES | F11: 0.33333333 | G11: 0.41666667 | H11: =G11-F11 -> 0.083333333 | I11: MATEMÁTICAS DISCRETAS
A12: 3 | B12: MATEMÁTICAS DISCRETAS | C12: G1 | D12: 2P | E12: 2MARTES | F12: 0.41666667 | G12: 0.5 | H12: =G12-F12 -> 0.083333333 | I12: MATEMÁTICAS DISCRETAS
A13: 3 | B13: ESTADÍSTICA | C13: G1 | D13: 1T | E13: 5VIERNES | F13: 0.33333333 | G13: 0.45833333 | H13: =G13-F13 -> 0.125 | I13: ESTADÍSTICA I
A14: 3 | B14: ESTADÍSTICA | C14: G1 | D14: 3L | E14: 5VIERNES | F14: 0.45833333 | G14: 0.54166667 | H14: =G14-F14 -> 0.083333333 | I14: ESTADÍSTICA I
A15: 3 | B15: PROGRAMACION Y FUNDAMENTOS DE ALGORITMiCA | C15: G1 | D15: 1T | E15: 3MIERCOLES | F15: 0.33333333 | G15: 0.41666667 | H15: =G15-F15 -> 0.083333333 | I15: PROGRAMACIÓN DE COMPUTADORAS I
A16: 3 | B16: PROGRAMACION Y FUNDAMENTOS DE ALGORITMOS | C16: G1 | D16: 3L | E16: 3MIERCOLES | F16: 0.41666667 | G16: 0.5 | H16: =G16-F16 -> 0.083333333 | I16: PROGRAMACIÓN DE COMPUTADORAS I
... A21: 4 | B21: FISICA ELECTRÓNICA Y SISTEMAS DIGITALES | C21: G1 | D21: 3L | E21: 1LUNES | F21: 0.45833333 | G21: 0.54166667 | H21: =G21-F21 -> 0.083333333 | I21: ELECTROMAGNETISMO Y ÓPTICA
A22: 4 | B22: MARKETING | C22: G1 | D22: 1T | E22: 5VIERNES | F22: 0.58333333 | G22: 0.625 | H22: =G22-F22 -> 0.041666667
A23: 4 | B23: MARKETING | C23: G1 | D23: 2P | E23: 5VIERNES | F23: 0.625 | G23: 0.70833333 | H23: =G23-F23 -> 0.083333333
A24: 4 | B24: CONTABILIDAD GENERAL | C24: G1 | D24: 1T | E24: 3MIERCOLES | F24: 0.33333333 | G24: 0.41666667 | H24: =G24-F24 -> 0.083333333
A25: 4 | B25: CONTABILIDAD GENERAL | C25: G1 | D25: 2P | E25: 3MIERCOLES | F25: 0.41666667 | G25: 0.5 | H25: =G25-F25 -> 0.083333333
A26: 4 | B26: PROCESOS DE NEGOCIO | C26: G1 | D26: 1T | E26: 1LUNES | F26: 0.58333333 | G26: 0.66666667 | H26: =G26-F26 -> 0.083333333
A27: 4 | B27: PROCESOS DE NEGOCIO | C27: G1 | D27: 3L | E27: 1LUNES | F27: 0.66666667 | G27: 0.75 | H27: =G27-F27 -> 0.083333333
A28: 4 | B28: PROBABILIDADES Y MUESTREO | C28: G1 | D28: 1T | E28: 2MARTES | F28: 0.33333333 | G28: 0.41666667 | H28: =G28-F28 -> 0.083333333
A29: 4 | B29: PROBABILIDADES Y MUESTREO | C29: G1 | D29: 3L | E29: 2MARTES | F29: 0.41666667 | G29: 0.5 | H29: =G29-F29 -> 0.083333333
A30: 4 | B30: MÉTODOS NUMÉRICOS | C30: G1 | D30: 1T | E30: 5VIERNES | F30: 0.33333333 | G30: 0.41666667 | H30: =G30-F30 -> 0.083333333 | I30: MÉTODOS NUMÉRICOS
A31: 4 | B31: MÉTODOS NUMÉRICOS | C31: G1 | D31: 3L | E31: 5VIERNES | F31: 0.41666667 | G31: 0.5 | H31: =G31-F31 -> 0.083333333 | I31: MÉTODOS NUMÉRICOS
A32: 4 | B32: ALGORITMICA Y PROGRAMACIÓN ORIENTADA A OBJETOS | C32: G1 | D32: 1T | E32: 4JUEVES | F32: 0.33333333 | G32: 0.41666667 | H32: =G32-F32 -> 0.083333333 | I32: PROGRAMACIÓN DE COMPUTADORAS II
A33: 4 | B33: ALGORITMICA Y PROGRAMACIÓN ORIENTADA A OBJETOS | C33: G1 | D33: 2P | E33: 4JUEVES | F33: 0.41666667 | G33: 0.5 | H33: =G33-F33 -> 0.083333333 | I33: PROGRAMACIÓN DE COMPUTADORAS II
A34: 4 | B34: ALGORITMICA Y PROGRAMACIÓN ORIENTADA A OBJETOS | C34: G1 | D34: 3L | E34: 4JUEVES | F34: 0.5 | G34: 0.58333333 | H34: =G34-F34 -> 0.083333333 | I34: PROGRAMACIÓN DE COMPUTADORAS II
A35: 5 | B35: ARQUITECTURA DE COMPUTADORAS | C35: G1 | D35: 1T | E35: 1LUNES | F35: 0.33333333 | G35: 0.45833333 | H35: =G35-F35 -> 0.125 | I35: ARQUITECTURA DE COMPUTADORAS
A36: 5 | B36: ARQUITECTURA DE COMPUTADORAS | C36: G1 | D36: 3L | E36: 1LUNES | F36: 0.45833333 | G36: 0.54166667 | H36: =G36-F36 -> 0.083333333 | I36: ARQUITECTURA DE COMPUTADORAS
A37: 5 | B37: ANÁLISIS DE SISTEMAS DE INFORMACIÓN | C37: G1 | D37: 1T | E37: 5VIERNES | F37: 0.33333333 | G37: 0.41666667 | H37: =G37-F37 -> 0.083333333 | I37: ANÁLISIS DE SISTEMAS DE INFORMACIÓN
A38: 5 | B38: ANÁLISIS DE SISTEMAS DE INFORMACIÓN | C38: G1 | D38: 3L | E38: 5VIERNES | F38: 0.41666667 | G38: 0.5 | H38: =G38-F38 -> 0.083333333 | I38: ANÁLISIS DE SISTEMAS DE INFORMACIÓN
A39: 5 | B39: BASE DE DATOS | C39: G1 | D39: 1T | E39: 4JUEVES | F39: 0.33333333 | G39: 0.45833333 | H39: =G39-F39 -> 0.125 | I39: DISEÑO DE BASE DE DATOS
A40: 5 | B40: BASE DE DATOS | C40: G1 | D40: 3L | E40: 4JUEVES | F40: 0.45833333 | G40: 0.54166667 | H40: =G40-F40 -> 0.083333333 | I40: DISEÑO DE BASE DE DATOS
A41: 5 | B41: ESTRUCTURA DE DATOS | C41: G1 | D41: 1T | E41: 3MIERCOLES | F41: 0.33333333 | G41: 0.41666667 | H41: =G41-F41 -> 0.083333333 | I41: ESTRUCTURA DE DATOS
... A44: 5 | B44: MODELOS Y SIMULACIÓN | C44: G1 | D44: 3L | E44: 5VIERNES | F44: 0.66666667 | G44: 0.75 | H44: =G44-F44 -> 0.083333333 | I44: MODELOS Y SIMULACIÓN
A45: 5 | B45: DISEÑO Y ANALISIS DE ALGORITMOS | C45: G1 | D45: 1T | E45: 4JUEVES | F45: 0.58333333 | G45: 0.66666667 | H45: =G45-F45 -> 0.083333333
A46: 5 | B46: DISEÑO Y ANALISIS DE ALGORITMOS | C46: G1 | D46: 2P | E46: 4JUEVES | F46: 0.66666667 | G46: 0.75 | H46: =G46-F46 -> 0.083333333
A47: 5 | B47: LENGUAJES Y COMPILADORES | C47: G1 | D47: 1T | E47: 2MARTES | F47: 0.33333333 | G47: 0.41666667 | H47: =G47-F47 -> 0.083333333
A48: 5 | B48: LENGUAJES Y COMPILADORES | C48: G1 | D48: 2P | E48: 2MARTES | F48: 0.41666667 | G48: 0.5 | H48: =G48-F48 -> 0.083333333
A49: 6 | B49: Big Data | C49: G1 | D49: 1T | E49: 1LUNES | F49: 0.75 | G49: 0.83333333 | H49: =G49-F49 -> 0.083333333
A50: 6 | B50: Big Data | C50: G1 | D50: 3L | E50: 1LUNES | F50: 0.83333333 | G50: 0.91666667 | H50: =G50-F50 -> 0.083333333
A51: 6 | B51: Diseño de Sistemas de Información | C51: G1 | D51: 1T | E51: 5VIERNES | F51: 0.33333333 | G51: 0.45833333 | H51: =G51-F51 -> 0.125 | I51: DISEÑO DE SISTEMAS DE INFORMACIÓN
A52: 6 | B52: Diseño de Sistemas de Información | C52: G1 | D52: 3L | E52: 5VIERNES | F52: 0.45833333 | G52: 0.54166667 | H52: =G52-F52 -> 0.083333333 | I52: DISEÑO DE SISTEMAS DE INFORMACIÓN
A53: 6 | B53: Redes, transmisión y automatización y control | C53: G1 | D53: 1T | E53: 3MIERCOLES | F53: 0.33333333 | G53: 0.41666667 | H53: =G53-F53 -> 0.083333333 | I53: REDES Y COMUNICACIONES
A54: 6 | B54: Redes, transmisión y automatización y control | C54: G1 | D54: 2P | E54: 3MIERCOLES | F54: 0.41666667 | G54: 0.5 | H54: =G54-F54 -> 0.083333333 | I54: REDES Y COMUNICACIONES
A55: 6 | B55: Investigación Operativa | C55: G1 | D55: 1T | E55: 2MARTES | F55: 0.33333333 | G55: 0.41666667 | H55: =G55-F55 -> 0.083333333 | I55: INVESTIGACIÓN OPERATIVA
A56: 6 | B56: Investigación Operativa | C56: G1 | D56: 3L | E56: 2MARTES | F56: 0.41666667 | G56: 0.5 | H56: =G56-F56 -> 0.083333333 | I56: INVESTIGACIÓN OPERATIVA
A57: 6 | B57: Sistemas Operativos | C57: G1 | D57: 1T | E57: 5VIERNES | F57: 0.33333333 | G57: 0.41666667 | H57: =G57-F57 -> 0.083333333 | I57: SISTEMAS OPERATIVOS
A58: 6 | B58: Sistemas Operativos | C58: G1 | D58: 3L | E58: 5VIERNES | F58: 0.41666667 | G58: 0.5 | H58: =G58-F58 -> 0.083333333 | I58: SISTEMAS OPERATIVOS
A59: 6 | B59: Finanzas para la Gestión | C59: G1 | D59: 1T | E59: 5VIERNES | F59: 0.75 | G59: 0.83333333 | H59: =G59-F59 -> 0.083333333 | I59: FINANZAS PARA LA GESTIÓN
A60: 6 | B60: Finanzas para la Gestión | C60: G1 | D60: 2P | E60: 5VIERNES | F60: 0.83333333 | G60: 0.91666667 | H60: =G60-F60 -> 0.083333333 | I60: FINANZAS PARA LA GESTIÓN
A61: 6 | B61: Computacion visual | C61: G1 | D61: 1T | E61: 6SABADO | F61: 0.33333333 | G61: 0.41666667 | H61: =G61-F61 -> 0.083333333
A62: 6 | B62: Computacion visual | C62: G1 | D62: 3L | E62: 6SABADO | F62: 0.41666667 | G62: 0.5 | H62: =G62-F62 -> 0.083333333
A63: 6 | B63: Big Data | C63: G2 | D63: T | E63: 1LUNES | F63: 0.75 | G63: 0.83333333 | H63: =G63-F63 -> 0.083333333
A64: 6 | B64: Big Data | C64: G2 | D64: L | E64: 1LUNES | F64: 0.83333333 | G64: 0.91666667 | H64: =G64-F64 -> 0.083333333
A65: 6 | B65: Diseño de Sistemas de Información | C65: G2 | D65: T | E65: 2MARTES | F65: 0.75 | G65: 0.83333333 | H65: =G65-F65 -> 0.083333333
A66: 6 | B66: Diseño de Sistemas de Información | C66: G2 | D66: L | E66: 2MARTES | F66: 0.83333333 | G66: 0.91666667 | H66: =G66-F66 -> 0.083333333
A67: 6 | B67: Redes, transmisión y automatización y control | C67: G2 | D67: T | E67: 3MIERCOLES | F67: 0.33333333 | G67: 0.41666667 | H67: =G67-F67 -> 0.083333333
A68: 6 | B68: Redes, transmisión y automatización y control | C68: G2 | D68: P | E68: 3MIERCOLES | F68: 0.41666667 | G68: 0.5 | H68: =G68-F68 -> 0.083333333
A69: 6 | B69: Investigación Operativa | C69: G2 | D69: T | E69: 4JUEVES | F69: 0.58333333 | G69: 0.66666667 | H69: =G69-F69 -> 0.083333333
A70: 6 | B70: Investigación Operativa | C70: G2 | D70: P | E70: 4JUEVES | F70: 0.66666667 | G70: 0.75 | H70: =G70-F70 -> 0.083333333
A71: 6 | B71: Sistemas Operativos | C71: G2 | D71: T | E71: 5VIERNES | F71: 0.33333333 | G71: 0.41666667 | H71: =G71-F71 -> 0.083333333
A72: 6 | B72: Sistemas Operativos | C72: G2 | D72: L | E72: 5VIERNES | F72: 0.41666667 | G72: 0.5 | H72: =G72-F72 -> 0.083333333
... A192: 10 | B192: Practica profesional | C192: G1 | D192: 1T | E192: 5VIERNES | F192: 0.75 | G192: 0.91666667 | H192: =G192-F192 -> 0.16666667
A193: 10 | B193: Desarrollo de Proyecto de Tesis II | C193: G2 | D193: 1T | E193: 1LUNES | F193: 0.70833333 | G193: 0.83333333 | H193: 0.125
A194: 10 | B194: Gerencia informatica | C194: G2 | D194: 1T | E194: 1LUNES | F194: 0.83333333 | G194: 0.91666667 | H194: 0.083333333
A195: 10 | B195: Gestion de conocimiento | C195: G2 | D195: 1T | E195: 3MIERCOLES | F195: 0.75 | G195: 0.83333333 | H195: 0.083333333
A196: 10 | B196: Gestion de conocimiento | C196: G2 | D196: 3L | E196: 3MIERCOLES | F196: 0.83333333 | G196: 0.91666667 | H196: 0.083333333
A197: 10 | B197: Planeación de Recursos empresariales | C197: G2 | D197: 1T | E197: 5VIERNES | F197: 0.75 | G197: 0.83333333 | H197: 0.083333333
A198: 10 | B198: Planeación de Recursos empresariales | C198: G2 | D198: 2P | E198: 5VIERNES | F198: 0.83333333 | G198: 0.91666667 | H198: 0.083333333
A199: 10 | B199: Practica profesional | C199: G2 | D199: 1T | E199: 2MARTES | F199: 0.75 | G199: 0.83333333 | H199: 0.083333333
A200: 10 | B200: Practica profesional | C200: G2 | D200: 1T | E200: 4JUEVES | F200: 0.75 | G200: 0.91666667 | H200: 0.16666667
A201: 10 | B201: Desarrollo de Proyecto de Tesis II | C201: G3 | D201: 1T | E201: 1LUNES | F201: 0.70833333 | G201: 0.83333333 | H201: 0.125
A202: 10 | B202: Desarrollo de Proyecto de Tesis II | C202: G4 | D202: 1T | E202: 3MIERCOLES | F202: 0.79166667 | G202: 0.91666667 | H202: 0.125
A203: 10 | B203: Desarrollo de Proyecto de Tesis II | C203: G5 | D203: 1T | E203: 2MARTES | F203: 0.70833333 | G203: 0.83333333 | H203: 0.125
A204: 10 | B204: Desarrollo de Proyecto de Tesis II | C204: G6 | D204: 1T | E204: 2MARTES | F204: 0.79166667 | G204: 0.91666667 | H204: 0.125
... A207: 10 | B207: Desarrollo de Proyecto de Tesis II | C207: G9 | D207: 1T | E207: 5VIERNES | F207: 0.79166667 | G207: 0.91666667 | H207: 0.125
A208: 9 | B208: Desarrollo de Proyecto de Tesis I | C208: G9 | D208: 1T | E208: 5VIERNES | F208: 0.79166667 | G208: 0.91666667 | H208: =G208-F208 -> 0.125

Sheet LISTAS
A1: 1T | B1: 1LUNES
A2: 2P | B2: 2MARTES
A3: 3L | B3: 3MIERCOLES
B4: 4JUEVES
B5: 5VIERNES
B6: 6SABADO
